{
  "placeholderImages": [
    {
      "id": "physics-kinematics",
      "description": "Abstract physics background for kinematics.",
      "imageUrl": "https://images.unsplash.com/photo-1532187863486-abf9dbad1b69?crop=entropy&cs=tinysrgb&fit=max&fm=jpg&ixid=M3w3NDE5ODJ8MHwxfHNlYXJjaHw1fHxwaHlzaWN8ZW58MHx8fHwxNzE3NTk2NDg3fDA&ixlib=rb-4.1.0&q=80&w=1080",
      "imageHint": "physics abstract"
    },
    {
      "id": "chemistry-thermo",
      "description": "Beakers and flasks for a chemistry thermodynamics lecture.",
      "imageUrl": "https://images.unsplash.com/photo-1554474052-529a93c232c5?crop=entropy&cs=tinysrgb&fit=max&fm=jpg&ixid=M3w3NDE5ODJ8MHwxfHNlYXJjaHw3fHxjaGVtaXN0cnl8ZW58MHx8fHwxNzE3NTk2NTMzfDA&ixlib=rb-4.1.0&q=80&w=1080",
      "imageHint": "chemistry lab"
    },
    {
      "id": "math-calculus",
      "description": "Chalkboard with calculus equations.",
      "imageUrl": "https://images.unsplash.com/photo-1589481457338-983b72355486?crop=entropy&cs=tinysrgb&fit=max&fm=jpg&ixid=M3w3NDE5ODJ8MHwxfHNlYXJjaHwyfHxtYXRoZW1hdGljc3xlbnwwfHx8fDE3MTc1OTY1Njh8MA&ixlib=rb-4.1.0&q=80&w=1080",
      "imageHint": "mathematics chalkboard"
    },
    {
      "id": "chemistry-organic",
      "description": "Molecular structure for an organic chemistry topic.",
      "imageUrl": "https://images.unsplash.com/photo-1567427018141-0584cfcbf1b8?crop=entropy&cs=tinysrgb&fit=max&fm=jpg&ixid=M3w3NDE5ODJ8MHwxfHNlYXJjaHwxfHxtb2xlY3VsZXxlbnwwfHx8fDE3MTc1OTY2MjR8MA&ixlib=rb-4.1.0&q=80&w=1080",
      "imageHint": "molecule model"
    },
    {
      "id": "physics-em",
      "description": "Visual representation of electromagnetism.",
      "imageUrl": "https://images.unsplash.com/photo-1605648437340-f7a9307c8f25?crop=entropy&cs=tinysrgb&fit=max&fm=jpg&ixid=M3w3NDE5ODJ8MHwxfHNlYXJjaHw1fHxlbGVjdHJpY2l0eXxlbnwwfHx8fDE3MTc1OTY2NTl8MA&ixlib=rb-4.1.0&q=80&w=1080",
      "imageHint": "electricity abstract"
    },
    {
      "id": "math-algebra",
      "description": "Algebra equations on a notebook.",
      "imageUrl": "https://images.unsplash.com/photo-1509228468518-180dd4864904?crop=entropy&cs=tinysrgb&fit=max&fm=jpg&ixid=M3w3NDE5ODJ8MHwxfHNlYXJjaHw1fHxlcXVhdGlvbnN8ZW58MHx8fHwxNzE3NTk2Njg4fDA&ixlib=rb-4.1.0&q=80&w=1080",
      "imageHint": "equations notebook"
    }
  ]
}